episode,loss,mean_R,avg_turns,online_em,answer_rate,sf_recall,retrievals,fmt,empty,kl,rolling10_mean_R,rolling10_online_em,rolling10_sf_recall,rolling10_retrievals,rolling10_kl
1,0.0004,0.12,2.76,0.039,0.984,0.613,1.77,0.0,0.0,0.0,0.12,0.039,0.613,1.77,0.0
2,0.0,0.285,2.73,0.211,1.0,0.781,1.73,0.0,0.0,0.0002,0.20249999999999999,0.125,0.6970000000000001,1.75,0.0001
3,0.0,0.244,2.54,0.188,0.977,0.699,1.56,0.0,0.0,0.0005,0.21633333333333335,0.146,0.6976666666666667,1.6866666666666668,0.00023333333333333333
4,-0.0029,0.074,2.3,0.016,0.992,0.492,1.3,0.0,0.0,0.0008,0.18075,0.1135,0.64625,1.59,0.000375
5,0.0012,0.285,2.6,0.195,0.992,0.719,1.61,0.0,0.0,0.0012,0.2016,0.1298,0.6607999999999999,1.594,0.00054
6,-0.0027,0.228,3.07,0.188,0.984,0.699,2.08,0.008,0.0,0.002,0.206,0.13949999999999999,0.6671666666666667,1.675,0.0007833333333333334
7,0.0002,0.267,2.72,0.203,0.977,0.734,1.74,0.0,0.0,0.0017,0.2147142857142857,0.14857142857142858,0.6767142857142857,1.6842857142857144,0.0009142857142857144
8,-0.003,0.338,2.57,0.242,1.0,0.535,1.57,0.0,0.0,0.0034,0.230125,0.16025,0.659,1.67,0.001225
9,0.0,0.189,2.52,0.133,0.984,0.633,1.53,0.0,0.0,0.004,0.22555555555555554,0.15722222222222224,0.6561111111111111,1.6544444444444446,0.0015333333333333334
10,-0.0028,0.28,2.71,0.203,0.969,0.75,1.73,0.008,0.0,0.0047,0.231,0.1618,0.6655,1.6620000000000001,0.0018499999999999999
11,0.0,0.204,2.84,0.148,0.977,0.645,1.86,0.0,0.0,0.0045,0.2394,0.17270000000000002,0.6687000000000001,1.671,0.0023
12,0.0001,0.444,2.77,0.359,1.0,0.535,1.77,0.0,0.0,0.0069,0.25529999999999997,0.1875,0.6441,1.675,0.00297
13,-0.0053,0.257,2.93,0.188,0.984,0.766,1.95,0.0,0.0,0.0064,0.2566,0.1875,0.6508,1.714,0.00356
14,-0.0024,0.408,2.73,0.328,0.992,0.828,1.74,0.0,0.0,0.0071,0.29,0.21869999999999998,0.6844,1.7580000000000002,0.00419
15,-0.0028,0.315,2.7,0.25,1.0,0.73,1.7,0.0,0.0,0.0099,0.29300000000000004,0.2242,0.6855,1.7670000000000001,0.00506
16,-0.003,0.414,2.39,0.336,1.0,0.711,1.39,0.0,0.0,0.0261,0.3116,0.23900000000000002,0.6867,1.698,0.00747
17,0.001,0.28,2.79,0.203,0.969,0.859,1.82,0.0,0.0,0.0145,0.3129,0.23900000000000002,0.6992,1.706,0.00875
18,0.0014,0.378,2.48,0.297,0.984,0.633,1.48,0.008,0.0,0.0259,0.3169,0.2445,0.709,1.6969999999999998,0.011
19,0.0003,0.416,2.61,0.344,0.992,0.641,1.62,0.0,0.0,0.0185,0.3396,0.2656,0.7098,1.706,0.01245
20,0.0002,0.715,2.3,0.602,1.0,0.676,1.3,0.0,0.0,0.0155,0.3831,0.3055,0.7024,1.6629999999999998,0.01353
21,-0.0027,0.414,2.69,0.32,1.0,0.496,1.69,0.0,0.0,0.0232,0.4041,0.3227,0.6875,1.6460000000000001,0.0154
22,-0.0058,0.76,2.52,0.664,1.0,0.734,1.52,0.0,0.0,0.0398,0.43570000000000003,0.3532,0.7074,1.621,0.018690000000000002
23,-0.0028,0.5,2.36,0.406,1.0,0.547,1.36,0.0,0.0,0.0461,0.45999999999999996,0.375,0.6855,1.562,0.02266
24,0.0003,0.24,2.43,0.172,1.0,0.539,1.43,0.0,0.0,0.0325,0.44320000000000004,0.3594,0.6566,1.5310000000000001,0.0252
25,0.0004,0.394,2.48,0.305,1.0,0.574,1.48,0.0,0.0,0.0379,0.4511,0.3649,0.641,1.509,0.028000000000000004
26,0.0005,0.599,2.44,0.508,1.0,0.812,1.44,0.0,0.0,0.051,0.46959999999999996,0.3821,0.6511,1.514,0.03049
27,-0.0026,0.493,2.58,0.398,1.0,0.742,1.58,0.0,0.0,0.044,0.4909,0.4016,0.6394,1.49,0.03344
28,0.0005,0.352,2.45,0.25,1.0,0.637,1.45,0.0,0.0,0.0456,0.4883,0.3969,0.6397999999999999,1.487,0.035410000000000004
29,0.0004,0.353,2.25,0.273,1.0,0.445,1.25,0.0,0.0,0.0403,0.48200000000000004,0.38980000000000004,0.6202,1.45,0.03759
30,-0.0026,0.488,2.5,0.398,1.0,0.602,1.5,0.0,0.0,0.0498,0.4593,0.3694,0.6128,1.47,0.04102
31,0.0005,0.565,2.56,0.469,1.0,0.723,1.56,0.0,0.0,0.0486,0.4744,0.3843,0.6355000000000001,1.457,0.04356
32,0.0005,0.358,2.68,0.281,1.0,0.582,1.68,0.0,0.0,0.05,0.4342,0.346,0.6203000000000001,1.473,0.044579999999999995
33,-0.0056,0.449,2.5,0.359,1.0,0.562,1.5,0.0,0.0,0.0451,0.4290999999999999,0.34130000000000005,0.6218,1.4869999999999999,0.04448
34,-0.0027,0.453,2.47,0.352,1.0,0.719,1.47,0.0,0.0,0.0438,0.45039999999999997,0.3593,0.6397999999999999,1.491,0.04561
35,0.0005,0.559,2.25,0.477,1.0,0.688,1.25,0.0,0.0,0.0496,0.4669,0.3765,0.6512,1.468,0.04678
36,-0.0065,0.591,2.18,0.516,1.0,0.648,1.18,0.0,0.0,0.0644,0.46609999999999996,0.3773,0.6348,1.442,0.04812
37,0.0005,0.568,2.34,0.469,1.0,0.559,1.34,0.0,0.0,0.0519,0.47359999999999997,0.38439999999999996,0.6165,1.418,0.048909999999999995
38,0.0006,0.678,2.43,0.578,1.0,0.695,1.43,0.0,0.0,0.0602,0.5062,0.41719999999999996,0.6223,1.416,0.050370000000000005
39,-0.003,0.582,2.28,0.5,1.0,0.621,1.28,0.0,0.0,0.0453,0.5291,0.4399,0.6399,1.419,0.050870000000000005
40,0.0007,0.474,2.42,0.375,1.0,0.586,1.42,0.0,0.0,0.0746,0.5277000000000001,0.43759999999999993,0.6383,1.411,0.053349999999999995
41,0.0007,0.509,2.4,0.43,1.0,0.664,1.4,0.0,0.0,0.0674,0.5221,0.4337,0.6324,1.395,0.05523
42,0.0005,0.424,2.51,0.336,1.0,0.59,1.51,0.0,0.0,0.0477,0.5287,0.4391999999999999,0.6332,1.378,0.05500000000000001
43,0.0007,0.562,2.26,0.484,1.0,0.715,1.26,0.0,0.0,0.0706,0.54,0.45169999999999993,0.6485,1.3539999999999999,0.057550000000000004
44,0.0006,0.737,2.61,0.625,1.0,0.82,1.61,0.0,0.0,0.057,0.5684,0.479,0.6586000000000001,1.3679999999999999,0.05887
45,-0.0028,0.582,2.31,0.492,1.0,0.625,1.31,0.0,0.0,0.0573,0.5707,0.4805,0.6523,1.374,0.059640000000000006
46,0.0007,0.394,2.53,0.312,1.0,0.664,1.53,0.0,0.0,0.07,0.5509999999999999,0.4601,0.6538999999999999,1.409,0.0602
47,0.0005,0.524,2.48,0.422,1.0,0.586,1.48,0.0,0.0,0.0539,0.5466,0.4554,0.6566,1.423,0.060399999999999995
48,-0.0026,0.586,2.34,0.5,0.992,0.625,1.34,0.008,0.0,0.0737,0.5374,0.4476,0.6496,1.4140000000000001,0.061750000000000006
49,-0.0026,0.567,2.42,0.469,1.0,0.738,1.42,0.0,0.0,0.064,0.5359,0.4445,0.6613,1.428,0.06362
50,0.0007,0.627,2.44,0.539,1.0,0.613,1.44,0.0,0.0,0.0651,0.5511999999999999,0.4609,0.6639999999999999,1.4300000000000002,0.06267
51,-0.0057,0.64,2.45,0.531,1.0,0.723,1.45,0.0,0.0,0.0666,0.5643,0.471,0.6698999999999999,1.435,0.06259
52,0.0008,0.687,2.41,0.586,1.0,0.691,1.41,0.0,0.0,0.0799,0.5906,0.496,0.6799999999999999,1.425,0.06581000000000001
53,-0.0059,0.478,2.34,0.383,1.0,0.699,1.34,0.0,0.0,0.0749,0.5822,0.4859,0.6784,1.433,0.06624
54,0.0009,0.565,2.45,0.469,1.0,0.781,1.45,0.0,0.0,0.0883,0.5650000000000001,0.47030000000000005,0.6745,1.417,0.06937
55,-0.0024,0.713,2.52,0.625,1.0,0.777,1.52,0.0,0.0,0.0689,0.5781,0.48360000000000003,0.6897,1.438,0.07053000000000001
56,-0.0027,0.543,2.32,0.445,1.0,0.449,1.32,0.0,0.0,0.0715,0.593,0.4969,0.6681999999999999,1.417,0.07067999999999999
57,-0.0025,0.573,2.48,0.461,1.0,0.66,1.48,0.0,0.0,0.0617,0.5979,0.5008,0.6756,1.417,0.07146
58,-0.0025,0.457,2.34,0.367,1.0,0.648,1.34,0.0,0.0,0.0811,0.585,0.4875,0.6779,1.417,0.0722
59,0.0009,0.578,2.23,0.484,1.0,0.656,1.23,0.0,0.0,0.094,0.5861,0.489,0.6697,1.3980000000000001,0.0752
60,-0.0025,0.426,2.52,0.344,1.0,0.723,1.52,0.0,0.0,0.0631,0.5660000000000001,0.46950000000000003,0.6807000000000001,1.4060000000000001,0.075
61,0.0011,0.629,2.49,0.531,1.0,0.723,1.49,0.0,0.0,0.1101,0.5649,0.46950000000000003,0.6807000000000001,1.41,0.07935
62,0.0006,0.783,2.44,0.68,1.0,0.766,1.44,0.0,0.0,0.0609,0.5745,0.4789,0.6881999999999999,1.413,0.07744999999999999
63,-0.0026,0.335,2.43,0.234,1.0,0.645,1.43,0.0,0.0,0.0634,0.5602,0.46399999999999997,0.6828000000000001,1.4220000000000002,0.0763
64,-0.0025,0.766,2.37,0.672,1.0,0.805,1.37,0.0,0.0,0.0774,0.5803,0.4843,0.6852,1.4140000000000001,0.07521
65,-0.0027,0.69,2.39,0.586,1.0,0.738,1.39,0.0,0.0,0.0567,0.5780000000000001,0.48040000000000005,0.6813,1.401,0.07399
66,0.0007,0.521,2.34,0.43,1.0,0.625,1.34,0.0,0.0,0.0694,0.5758,0.4789,0.6989,1.403,0.07378
67,0.0006,0.735,2.31,0.641,1.0,0.758,1.31,0.0,0.0,0.0575,0.592,0.4969,0.7087,1.386,0.07336000000000001
68,-0.0057,0.396,2.45,0.305,1.0,0.719,1.45,0.0,0.0,0.0711,0.5859,0.4907,0.7158,1.397,0.07236000000000001
69,0.0006,0.354,2.46,0.258,1.0,0.574,1.46,0.0,0.0,0.059,0.5635,0.4681,0.7076,1.42,0.06886
70,-0.0028,0.768,2.21,0.68,1.0,0.758,1.21,0.0,0.0,0.074,0.5977,0.5017,0.7111,1.389,0.06995
71,0.0006,0.49,2.27,0.383,1.0,0.695,1.27,0.0,0.0,0.0567,0.5838,0.4869,0.7083,1.367,0.06461
72,-0.0026,0.492,2.38,0.391,1.0,0.785,1.38,0.0,0.0,0.0724,0.5547,0.458,0.7102,1.361,0.06576
73,-0.0025,0.577,2.45,0.461,1.0,0.629,1.45,0.0,0.0,0.0658,0.5789,0.4807,0.7086,1.363,0.066
74,0.0007,0.61,2.49,0.523,1.0,0.773,1.49,0.0,0.0,0.0737,0.5633,0.46580000000000005,0.7054,1.375,0.06563
75,0.0006,0.362,2.3,0.258,1.0,0.484,1.3,0.0,0.0,0.0584,0.5305,0.433,0.6799999999999999,1.366,0.0658
76,-0.0061,0.529,2.3,0.438,1.0,0.691,1.3,0.0,0.0,0.0724,0.5313,0.4338,0.6866,1.3619999999999999,0.0661
77,0.0009,0.461,2.25,0.359,1.0,0.59,1.25,0.0,0.0,0.086,0.5039,0.4056,0.6698,1.356,0.06895
78,-0.0025,0.583,2.41,0.484,1.0,0.676,1.41,0.0,0.0,0.0767,0.5226,0.42350000000000004,0.6655,1.3519999999999999,0.06951
79,-0.0027,0.733,2.38,0.648,1.0,0.734,1.38,0.0,0.0,0.0598,0.5605,0.4625,0.6815,1.3439999999999999,0.06959
80,-0.0026,0.442,2.39,0.359,1.0,0.688,1.39,0.0,0.0,0.0692,0.5279,0.4304,0.6745,1.3619999999999999,0.06911
81,-0.0024,0.593,2.54,0.492,1.0,0.754,1.54,0.0,0.0,0.0707,0.5382,0.4413,0.6804,1.389,0.07051
82,-0.0025,0.7,2.33,0.602,1.0,0.695,1.33,0.0,0.0,0.0841,0.5589999999999999,0.4624,0.6714,1.384,0.07168
83,-0.0026,0.673,2.22,0.578,1.0,0.727,1.22,0.0,0.0,0.0879,0.5686,0.47409999999999997,0.6811999999999999,1.361,0.07389
84,-0.0026,0.452,2.25,0.352,1.0,0.664,1.25,0.0,0.0,0.0896,0.5528,0.457,0.6702999999999999,1.337,0.07548
85,0.001,0.531,2.43,0.438,1.0,0.891,1.43,0.0,0.0,0.1016,0.5697,0.475,0.711,1.35,0.07980000000000001
86,0.0008,0.588,2.45,0.484,1.0,0.613,1.45,0.0,0.0,0.0846,0.5756,0.4796,0.7032,1.365,0.08102000000000001
87,0.0007,0.538,2.25,0.438,1.0,0.742,1.25,0.0,0.0,0.0687,0.5833,0.4875,0.7184,1.365,0.07929
88,0.0008,0.68,2.27,0.586,0.992,0.645,1.27,0.008,0.0,0.0823,0.593,0.49770000000000003,0.7152999999999999,1.351,0.07985
89,0.0009,0.575,2.23,0.484,1.0,0.57,1.23,0.0,0.0,0.0934,0.5772,0.48129999999999995,0.6989,1.3359999999999999,0.08320999999999999
90,0.001,0.532,2.25,0.438,1.0,0.488,1.25,0.0,0.0,0.0958,0.5862,0.48919999999999997,0.6789,1.322,0.08587
91,-0.0026,0.665,2.08,0.57,1.0,0.66,1.08,0.0,0.0,0.1154,0.5934,0.497,0.6695,1.276,0.09034
92,-0.0059,0.816,2.41,0.711,1.0,0.875,1.41,0.0,0.0,0.0589,0.605,0.5079,0.6875,1.284,0.08782
93,-0.0027,0.56,2.22,0.461,1.0,0.801,1.22,0.0,0.0,0.0867,0.5937,0.4962,0.6949,1.284,0.0877
94,0.0008,0.652,2.3,0.547,1.0,0.742,1.3,0.0,0.0,0.0803,0.6137,0.5157,0.7027,1.2890000000000001,0.08677
95,0.0012,0.626,2.42,0.531,1.0,0.738,1.42,0.0,0.0,0.1173,0.6232,0.525,0.6874,1.2879999999999998,0.08834
96,-0.006,0.647,2.18,0.555,1.0,0.578,1.18,0.0,0.0,0.1149,0.6291,0.5321,0.6839000000000001,1.261,0.09136999999999999
97,0.0011,0.784,2.29,0.688,1.0,0.742,1.29,0.0,0.0,0.1065,0.6537,0.5570999999999999,0.6839000000000001,1.2650000000000001,0.09515
98,0.001,0.56,2.16,0.453,1.0,0.594,1.16,0.0,0.0,0.0988,0.6416999999999999,0.5438,0.6788000000000001,1.254,0.0968
99,-0.0026,0.533,2.25,0.422,1.0,0.703,1.25,0.0,0.0,0.0864,0.6375,0.5376000000000001,0.6921,1.256,0.09609999999999999
100,-0.0024,0.581,2.22,0.477,0.984,0.719,1.22,0.016,0.0,0.0962,0.6424000000000001,0.5415,0.7152000000000001,1.253,0.09614
